<zimlet name="com_zimbra_signature_zimlet" version="1.2.2" description="Assinatura padronizada CNPq" target="main view-window">
  <include>signatureZimlet.js</include>
  <include>templates/signature.template.js</include>
  <include>templates/signatureBase.template.js</include>
  <resource>images/bottom.jpg</resource>
  <handlerObject>Com_Zimbra_SignatureZimlet</handlerObject>
  <zimletPanelItem label="Assinatura Padronizada">
    <toolTipText>Configurar assinatura</toolTipText>
  </zimletPanelItem>
</zimlet>