<zimlet name="com_zimbra_signature_zimlet" version="1.0" description="Assinatura padronizada Prefeitura de Manaus 2021" target="main view-window">
  <include>signatureZimlet.js</include>
  <include>templates/signature.template.js</include>
  <include>templates/signatureBase.template.js</include>
  <resource>images/logo_assinatura.png</resource>
  <handlerObject>Com_Zimbra_SignatureZimlet</handlerObject>
  <zimletPanelItem label="Assinatura Padronizada">
    <toolTipText>Configurar assinatura</toolTipText>
  </zimletPanelItem>
</zimlet>
