<!--
  ~ ***** BEGIN LICENSE BLOCK *****
  ~ Copyright (C) 2011-2019 ZeXtras
  ~
  ~ The contents of this file are subject to the ZeXtras EULA;
  ~ you may not use this file except in compliance with the EULA.
  ~ You may obtain a copy of the EULA at
  ~ http://www.zextras.com/zextras-eula.html
  ~ ***** END LICENSE BLOCK *****
  -->

<zimlet name="com_zimbra_connect_classic"
        version="1.16.0"
        label="${msg.label}"
        description="${msg.description}">

    <include>com_zimbra_connect_classic.js</include>

    <userProperties>
        <property type="string" name="mini_chat_display" value="true"/>
        <property type="string" name="show_message_preview" value="true"/>
        <property type="string" name="allow_desktop_notification" value="true"/>
        <property type="string" name="notification_time_spawn" value="3"/>

    </userProperties>

    <handlerObject>com_zimbra_connect_classic_hdlr</handlerObject>

    <!--  <includeCSS></includeCSS> -->
    <includeCSS>48c35af5f4d77d4eb015ad6da7591d1b.css</includeCSS>

    <!--  <resource></resource> -->
    <resource>12.bac8b54d.chunk.js</resource>     <resource>43fe43c6cd4ad4736c1b36c0e293cb28.svg</resource>     <resource>70e72abccc43318dc1c264c915341dfe.svg</resource>     <resource>emoji_32.png</resource>     <resource>ff97453adb5e6d6c48c06e015a4b6053.png</resource>     <resource>10.e193c214.chunk.js.map</resource>     <resource>8.e83b5a85.chunk.js.map</resource>     <resource>3.b35b9c21.chunk.js</resource>     <resource>6.0edce394.chunk.js.map</resource>     <resource>510dec37fa69fba39593e01a469ee018.woff2</resource>     <resource>2.e35f7715.chunk.js</resource>     <resource>bafb105baeb22d965c70fe52ba6b49d9.woff</resource>     <resource>4.02734945.chunk.js</resource>     <resource>5.12120e59.chunk.js.map</resource>     <resource>4315ce7e6c621d3ad086feb84e912dac.svg</resource>     <resource>team-sw.js</resource>     <resource>55536c8e9e9a532651e3cf374f290ea3.woff2</resource>     <resource>5315fb7c34709f3ffc6d44619a456c58.svg</resource>     <resource>135461607f32a7151ddab8f15f4528ee.svg</resource>     <resource>ffcc050b2d92d4b14a4fcb527ee0bcc8.woff</resource>     <resource>8.e83b5a85.chunk.js</resource>     <resource>4.02734945.chunk.js.map</resource>     <resource>emoji_20.png</resource>     <resource>e248709f076358529e828489ce375e6c.woff</resource>     <resource>a1471d1d6431c893582a5f6a250db3f9.woff</resource>     <resource>f9102ba39626ef7e27969b12ade5569c.eot</resource>     <resource>3.b35b9c21.chunk.js.map</resource>     <resource>285467176f7fe6bb6a9c6873b3dad2cc.woff2</resource>     <resource>0.f9b7ccdf.chunk.js.map</resource>     <resource>9.1cbd1730.chunk.js</resource>     <resource>5daa009f943fe711e4b8a525df535925.svg</resource>     <resource>987b84570ea69ee660455b8d5e91f5f1.woff2</resource>     <resource>invite_to_space.template.txt</resource>     <resource>10.e193c214.chunk.js</resource>     <resource>com_zimbra_connect_classic.js.map</resource>     <resource>846d1890aee87fde5d8ced8eba360c3a.woff</resource>     <resource>d8bcbe724fd6f4ba44d0ee6a2675890f.woff2</resource>     <resource>team-sw.js.map</resource>     <resource>de8b7431b74642e830af4d4f4b513ec9.woff</resource>     <resource>9680d5a0c32d2fd084e07bbc4c8b2923.woff</resource>     <resource>6232f43d15b0e7a0bf0fe82e295bdd06.woff2</resource>     <resource>d69924b98acd849cdeba9fbff3f88ea6.woff2</resource>     <resource>010c1aeee3c6d1cbb1d5761d80353823.woff2</resource>     <resource>e9dbbe8a693dd275c16d32feb101f1c1.woff</resource>     <resource>7.f9243f8d.chunk.js</resource>     <resource>f86bc9db38f1df5f9ee1e2b30c1c87c0.woff</resource>     <resource>1f852c8ba250ec39b540da52f0d364d2.svg</resource>     <resource>1.3ec4b1db.chunk.js.map</resource>     <resource>kick_from_space.template.txt</resource>     <resource>5.12120e59.chunk.js</resource>     <resource>037d830416495def72b7881024c14b7b.woff2</resource>     <resource>1.3ec4b1db.chunk.js</resource>     <resource>d704bb3d579b7d5e40880c75705c8a71.woff</resource>     <resource>6.0edce394.chunk.js</resource>     <resource>11.5efb4a92.chunk.js.map</resource>     <resource>12.bac8b54d.chunk.js.map</resource>     <resource>91c1e6d1d002e34a8dbdaf9c2f50b403.svg</resource>     <resource>0.f9b7ccdf.chunk.js</resource>     <resource>210a7c781f5a354a0e4985656ab456d9.woff</resource>     <resource>2.e35f7715.chunk.js.map</resource>     <resource>9.1cbd1730.chunk.js.map</resource>     <resource>11.5efb4a92.chunk.js</resource>     <resource>external_app.js.map</resource>     <resource>cf6613d1adf490972c557a8e318e0868.woff</resource>     <resource>5d4aeb4e5f5ef754e307d7ffaef688bd.woff2</resource>     <resource>invite_ext_meeting.template.txt</resource>     <resource>7.f9243f8d.chunk.js.map</resource>
</zimlet>
